No.Threads,Samples,Throughput,KB/sec
1Thread,100,990.09900990099,17579.091893564357
2Threads,100,1470.5882352941178,26110.121783088234
4Threads,100,1886.7924528301887,33499.778891509435
10Threads,100,2631.5789473684213,46723.37582236842
TOTAL,400,1486.988847583643,26401.312732342005


0   1Thread 990.09900990099
1   2Threads    1470.5882352941178
2   4Threads    1886.7924528301887
3   10Threads   2631.5789473684213