#No.Threads,Samples,Throughput,KB/sec
1Thread,100,4.946087644673063,87.81720651152439
2Threads,100,9.870693909781858,175.25301364623434
4Threads,100,19.68503937007874,349.50556717519686
10Threads,100,49.18839153959666,873.3341275209051
TOTAL,400,10.672358591248667,189.48647612059767
